botIds,sheetIds
2261,0
4631,1
6408,2
8186,3
483,4
1076,5
2307,6
7594,7
5816,8
4038,9
7001,10
1668,11
8779,12
2853,13
3446,14
5223,15
4791,16
738,17
961,18
3611,19
2294,20
5247,21
627,22
1516,23
1294,24
1405,25
4126,26
4294,27
4516,28
6690,29
4249,30
6423,31
5849,32
4182,33
6113,34
5071,35
4849,36
4757,37
4960,38
3005,39
2149,40
4194,41
6071,42
6475,43
6960,44
3216,45
7182,46
6080,47
4222,48
7293,49
6182,50
7404,51
6516,52
6293,53
7515,54
4164,55
7627,56
5960,57
3908,58
7071,59
6404,60
6738,61
5596,62
6849,63
6591,64
6627,65
6469,66
7813,67
1854,68
2516,69
3405,70
8702,71
3627,72
3901,73
4477,74
2627,75
6917,76
3849,77
1392,78
437,79
2960,80
2738,81
3960,82
4301,83
6138,84
4071,85
2405,86
3516,87
2849,88
4590,89
1627,90
5457,91
1849,92
7036,93
1960,94
3183,95
3294,96
6836,97
3071,98
5325,99
849,100
2072,101
1183,102
2183,103
1738,104
2824,105
994,106
5552,107
8313,108
3290,109
3552,110
5828,111
4152,112
8563,113
2342,114
4417,115
7334,116
5162,117
4774,118
8516,119
5627,120
5614,121
3948,122
5866,123
4627,124
4574,125
4195,126
5182,127
5705,128
4230,129
4201,130
3381,131
7965,132
4858,133
5405,134
6188,135
6881,136
5516,137
277,138
785,139
4405,140
4738,141
5738,142
9,143
5293,144
4268,145
8216,146
7524,147
6335,148
4173,149
4342,150
7849,151
5473,152
1555,153
8491,154
8738,155
72,156
183,157
8562,158
6168,159
4041,160
7960,161
1630,162
4033,163
294,164
8293,165
7768,166
5736,167
8071,168
405,169
1948,170
516,171
7738,172
5869,173
3597,174
8849,175
8357,176
8182,177
8515,178
8626,179
8404,180
3317,181
4043,182
8361,183
7089,184
3710,185
7917,186
8274,187
8612,188
8005,189
7946,190
4039,191
5167,192
4275,193
8264,194
6815,195
2197,196
5543,197
8269,198
4163,199
6051,200
7817,201
8402,202
3928,203
7144,204
4031,205
4854,206
7661,207
3474,208
7138,209
1804,210
3022,211
4871,212
7048,213
2174,214
772,215
6383,216
4898,217
4242,218
4026,219
4234,220
6398,221
4193,222
3569,223
3648,224
4666,225
4909,226
3912,227
6180,228
4049,229
7031,230
8875,231
4217,232
3812,233
4045,234
7087,235
5425,236
2419,237
6505,238
7195,239
3629,240
4251,241
3682,242
4035,243
4775,244
4226,245
4168,246
4840,247
7846,248
7400,249
7083,250
6861,251
5011,252
5578,253
7465,254
5710,255
4603,256
3250,257
3006,258
4464,259
5212,260
7609,261
2341,262
7296,263
7111,264
6969,265
1515,266
3610,267
1072,268
6107,269
8576,270
7793,271
7636,272
4199,273
6843,274
5949,275
3876,276
3337,277
7105,278
4759,279
7840,280
2099,281
4673,282
8669,283
8528,284
4455,285
4178,286
2071,287
4239,288
4802,289
4119,290
4926,291
4596,292
3620,293
2223,294
8026,295
8486,296
2699,297
2177,298
3778,299
5651,300
3064,301
6530,302
3796,303
3917,304
8305,305
5641,306
1374,307
7237,308
6805,309
4825,310
3865,311
8208,312
8304,313
2873,314
7726,315
6420,316
6666,317
6640,318
4200,319
6434,320
3333,321
8483,322
2259,323
5635,324
2373,325
3566,326
7028,327
6693,328
2872,329
7022,330
6361,331
7082,332
5216,333
3848,334
4311,335
6228,336
1279,337
4899,338
7391,339
4783,340
5267,341
2293,342
3559,343
6504,344
6684,345
8040,346
7427,347
2430,348
8185,349
6883,350
3234,351
4190,352
4731,353
3542,354
5735,355
4687,356
6150,357
4197,358
4099,359
6959,360
3676,361
4790,362
4255,363
3471,364
3695,365
7086,366
6350,367
5841,368
4598,369
5818,370
5003,371
7256,372
5774,373
8255,374
6916,375
7442,376
6595,377
6853,378
4008,379
4421,380
5496,381
5211,382
6,383
6821,384
6862,385
8263,386
4611,387
4205,388
2078,389
4451,390
3873,391
4432,392
5976,393
7253,394
2986,395
155,396
6476,397
4395,398
6488,399
1,400
6993,401
7419,402
4208,403
6494,404
6884,405
4588,406
4210,407
8051,408
5025,409
5562,410
8260,411
2068,412
1831,413
7495,414
8810,415
8514,416
7800,417
3886,418
3204,419
3012,420
3389,421
6686,422
2023,423
8581,424
3745,425
8631,426
8579,427
7826,428
8334,429
5502,430
8221,431
4753,432
4943,433
8008,434
8279,435
4192,436
5314,437
6726,438
6995,439
4278,440
8333,441
7900,442
5887,443
6100,444
179,445
7494,446
4640,447
7049,448
2568,449
7969,450
2823,451
7740,452
6490,453
6536,454
6215,455
8656,456
4616,457
8590,458
6620,459
7497,460
7358,461
6858,462
1264,463
3059,464
48,465
3037,466
2563,467
5183,468
2561,469
7166,470
7046,471
7980,472
4620,473
7458,474
2502,475
8310,476
6566,477
2645,478
8384,479
8353,480
8600,481
7431,482
7879,483
1631,484
8215,485
5094,486
7061,487
5443,488
3434,489
7263,490
4068,491
8382,492
8371,493
851,494
8190,495
7881,496
4895,497
6964,498
8503,499
3785,500
8381,501
8619,502
5937,503
4883,504
6601,505
7743,506
6075,507
2117,508
7436,509
7592,510
6697,511
4550,512
2157,513
3888,514
8234,515
3568,516
4969,517
8379,518
8862,519
3887,520
3720,521
3874,522
8346,523
4743,524
3693,525
7782,526
2127,527
8727,528
5822,529
5664,530
4180,531
69,532
2317,533
6643,534
7808,535
4891,536
7359,537
2461,538
4683,539
3795,540
4710,541
2365,542
3341,543
4453,544
6952,545
8689,546
8473,547
8123,548
4053,549
7619,550
4102,551
8373,552
8608,553
233,554
8532,555
6058,556
4826,557
1268,558
3991,559
1178,560
3203,561
7983,562
7961,563
2997,564
7319,565
4768,566
846,567
6727,568
3105,569
7430,570
8212,571
8697,572
2165,573
29,574
7994,575
3488,576
7042,577
863,578
7582,579
803,580
1807,581
553,582
8838,583
2363,584
8323,585
5629,586
2070,587
3605,588
7721,589
7291,590
4223,591
7728,592
990,593
5792,594
7054,595
1682,596
1067,597
6109,598
6659,599
3494,600
7918,601
3093,602
4855,603
3482,604
6685,605
7221,606
1858,607
7373,608
1326,609
4685,610
4408,611
3010,612
4028,613
2298,614
6190,615
498,616
2732,617
1988,618
6621,619
6491,620
3654,621
1776,622
1201,623
3626,624
6198,625
5369,626
8319,627
4581,628
3836,629
5958,630
339,631
4515,632
2080,633
2362,634
7863,635
6252,636
4114,637
1782,638
6578,639
4804,640
7696,641
7682,642
4235,643
4915,644
779,645
6900,646
194,647
4309,648
1514,649
1298,650
8171,651
6492,652
7715,653
8825,654
4862,655
8133,656
7470,657
5387,658
6260,659
8874,660
1667,661
1531,662
1821,663
7103,664
3499,665
7775,666
5277,667
3231,668
4060,669
6054,670
7128,671
7329,672
3451,673
184,674
5675,675
3904,676
6585,677
3793,678
7935,679
4306,680
6034,681
7572,682
6600,683
3557,684
3388,685
8760,686
128,687
3391,688
6012,689
4498,690
4735,691
2414,692
6814,693
2203,694
5690,695
4764,696
6628,697
2690,698
8237,699
439,700
3101,701
6088,702
8794,703
7547,704
1406,705
4069,706
911,707
8530,708
2875,709
5671,710
186,711
5446,712
6713,713
1852,714
870,715
4396,716
4955,717
1492,718
3826,719
3560,720
5941,721
6115,722
8162,723
8470,724
5904,725
115,726
6450,727
4856,728
4240,729
3723,730
1926,731
7893,732
2150,733
548,734
4021,735
5052,736
86,737
7683,738
8251,739
2737,740
3126,741
5807,742
2955,743
7184,744
3380,745
2501,746
2276,747
976,748
300,749
1688,750
7549,751
4647,752
3171,753
2842,754
2899,755
3891,756
1169,757
2311,758
7559,759
4548,760
8410,761
1522,762
2517,763
6220,764
980,765
6040,766
8152,767
5065,768
102,769
6407,770
3674,771
2062,772
1117,773
7480,774
4062,775
6197,776
8114,777
4667,778
8708,779
680,780
3407,781
2194,782
8141,783
8717,784
4720,785
4403,786
7911,787
3651,788
2160,789
7732,790
8621,791
6374,792
5996,793
2280,794
628,795
552,796
1489,797
1742,798
5165,799
7812,800
4936,801
8639,802
4846,803
1336,804
2854,805
1729,806
8615,807
4540,808
18,809
2277,810
8839,811
8737,812
4092,813
5185,814
205,815
5752,816
3650,817
6912,818
7099,819
4018,820
5088,821
3744,822
1315,823
4992,824
4635,825
6949,826
7596,827
2914,828
6470,829
8785,830
8693,831
3952,832
6797,833
4366,834
3986,835
3450,836
4526,837
3640,838
5098,839
3086,840
4726,841
3456,842
3357,843
2977,844
626,845
6009,846
2980,847
3663,848
4166,849
4549,850
5743,851
7649,852
729,853
3258,854
8591,855
1539,856
2039,857
6467,858
8169,859
1267,860
8678,861
535,862
6809,863
4933,864
1558,865
7755,866
6930,867
1399,868
7958,869
4332,870
8321,871
2245,872
3893,873
319,874
1946,875
5435,876
6282,877
3699,878
2066,879
3832,880
6788,881
5426,882
3777,883
4911,884
1413,885
5838,886
2180,887
8000,888
8871,889
4370,890
1106,891
8204,892
8552,893
2541,894
1283,895
7410,896
5265,897
4213,898
7641,899
8736,900
3287,901
95,902
7218,903
6616,904
2897,905
4115,906
6484,907
4613,908
5848,909
2882,910
3782,911
2040,912
5902,913
4065,914
2747,915
3819,916
2254,917
3779,918
2102,919
6541,920
5948,921
322,922
3533,923
3762,924
8249,925
3794,926
6575,927
2957,928
3573,929
4265,930
7101,931
7578,932
7617,933
15,934
2850,935
3665,936
8074,937
6831,938
2965,939
4958,940
1712,941
6102,942
7976,943
1618,944
4876,945
8523,946
6164,947
3149,948
7526,949
4497,950
4534,951
8396,952
8670,953
5384,954
5105,955
6465,956
3239,957
2658,958
866,959
5304,960
5138,961
3698,962
7590,963
6847,964
8136,965
8645,966
7858,967
7468,968
235,969
1497,970
2536,971
8886,972
4465,973
7967,974
1952,975
6463,976
3331,977
4886,978
3683,979
974,980
4615,981
854,982
8573,983
4430,984
5730,985
634,986
5217,987
4797,988
3575,989
3903,990
1781,991
6076,992
1963,993
6915,994
4155,995
6927,996
4104,997
8161,998
1880,999
2552,1000
4350,1001
5563,1002
6818,1003
127,1004
6590,1005
8177,1006
3121,1007
1075,1008
7420,1009
6015,1010
8046,1011
3705,1012
7509,1013
3501,1014
829,1015
3008,1016
8287,1017
7077,1018
5126,1019
1218,1020
7297,1021
1842,1022
4763,1023
8777,1024
556,1025
1889,1026
2209,1027
7530,1028
7820,1029
3831,1030
1882,1031
1775,1032
1857,1033
4380,1034
1556,1035
898,1036
8709,1037
4558,1038
2692,1039
4489,1040
6499,1041
1529,1042
1046,1043
7,1044
6715,1045
1909,1046
2090,1047
7600,1048
8147,1049
2994,1050
7913,1051
6458,1052
622,1053
6372,1054
8386,1055
1063,1056
868,1057
5283,1058
5771,1059
795,1060
1050,1061
1873,1062
5859,1063
198,1064
1700,1065
1951,1066
8773,1067
167,1068
1704,1069
5992,1070
5214,1071
3050,1072
2797,1073
6572,1074
587,1075
5375,1076
6479,1077
5721,1078
341,1079
3459,1080
4771,1081
284,1082
7823,1083
5582,1084
4706,1085
7587,1086
38,1087
5193,1088
607,1089
735,1090
3818,1091
3312,1092
398,1093
1715,1094
8829,1095
8527,1096
5174,1097
1938,1098
2934,1099
6664,1100
1996,1101
208,1102
4729,1103
8242,1104
3373,1105
5291,1106
7506,1107
5379,1108
7008,1109
8553,1110
5646,1111
577,1112
4815,1113
8715,1114
4445,1115
4954,1116
285,1117
4085,1118
4202,1119
7118,1120
3113,1121
2195,1122
8243,1123
4410,1124
1855,1125
215,1126
2780,1127
7638,1128
3056,1129
6554,1130
1957,1131
6286,1132
5805,1133
6037,1134
5290,1135
3047,1136
4387,1137
2967,1138
1189,1139
8725,1140
8848,1141
3396,1142
6925,1143
6704,1144
5964,1145
6127,1146
7112,1147
6312,1148
2583,1149
6121,1150
4325,1151
8878,1152
1125,1153
5793,1154
2331,1155
4513,1156
4264,1157
7644,1158
5488,1159
4037,1160
2101,1161
2173,1162
4046,1163
3458,1164
4367,1165
8806,1166
618,1167
2913,1168
3326,1169
3980,1170
4780,1171
1720,1172
2361,1173
6503,1174
1479,1175
3635,1176
3916,1177
3263,1178
7402,1179
3536,1180
6145,1181
7115,1182
8378,1183
7407,1184
2118,1185
8822,1186
6592,1187
7947,1188
2775,1189
7055,1190
7910,1191
238,1192
6902,1193
5294,1194
4091,1195
3002,1196
378,1197
8197,1198
3752,1199
2947,1200
8062,1201
5275,1202
2981,1203
2198,1204
2770,1205
2874,1206
5166,1207
7374,1208
2295,1209
5413,1210
1153,1211
7767,1212
8665,1213
5089,1214
3858,1215
76,1216
8276,1217
3150,1218
4918,1219
2477,1220
5254,1221
7102,1222
4426,1223
200,1224
5586,1225
5240,1226
6765,1227
8752,1228
3543,1229
5308,1230
2756,1231
1898,1232
5800,1233
696,1234
2594,1235
3,1236
8586,1237
3872,1238
239,1239
5495,1240
1049,1241
7557,1242
5263,1243
706,1244
8007,1245
8870,1246
3136,1247
2861,1248
5885,1249
7610,1250
8137,1251
4922,1252
5679,1253
2106,1254
4078,1255
1856,1256
8596,1257
401,1258
8861,1259
4535,1260
5624,1261
6205,1262
8145,1263
14,1264
4295,1265
338,1266
136,1267
3230,1268
6246,1269
5151,1270
8041,1271
193,1272
5187,1273
1467,1274
4820,1275
6780,1276
7688,1277
1311,1278
6338,1279
3930,1280
5491,1281
7797,1282
5535,1283
1235,1284
8791,1285
8540,1286
4305,1287
5080,1288
2938,1289
4737,1290
7679,1291
1605,1292
716,1293
4371,1294
5590,1295
7050,1296
7501,1297
2065,1298
5633,1299
8303,1300
5925,1301
7067,1302
6968,1303
969,1304
3922,1305
5515,1306
4910,1307
7179,1308
3544,1309
7504,1310
4259,1311
2429,1312
3178,1313
7781,1314
1233,1315
5853,1316
7369,1317
7875,1318
7956,1319
4769,1320
3425,1321
6151,1322
5595,1323
7677,1324
6737,1325
5655,1326
4130,1327
6199,1328
8769,1329
7107,1330
2156,1331
6412,1332
4609,1333
6565,1334
8659,1335
8151,1336
7975,1337
7279,1338
1384,1339
2989,1340
4507,1341
5991,1342
4637,1343
4835,1344
2322,1345
3429,1346
6280,1347
5251,1348
7277,1349
4651,1350
7171,1351
8418,1352
6172,1353
6538,1354
8422,1355
5361,1356
5219,1357
3266,1358
2042,1359
8650,1360
7810,1361
1666,1362
5670,1363
2851,1364
8729,1365
2921,1366
6579,1367
4354,1368
4141,1369
5406,1370
1032,1371
4097,1372
5120,1373
8078,1374
6932,1375
6402,1376
8757,1377
2894,1378
7070,1379
5049,1380
7707,1381
3023,1382
8885,1383
5505,1384
1093,1385
8446,1386
2186,1387
7280,1388
8479,1389
6175,1390
5026,1391
3399,1392
8456,1393
8819,1394
5288,1395
621,1396
2134,1397
5969,1398
8349,1399
8420,1400
7145,1401
5542,1402
5959,1403
5512,1404
4296,1405
8259,1406
6873,1407
1194,1408
7777,1409
1532,1410
68,1411
6183,1412
891,1413
8859,1414
4326,1415
5007,1416
5286,1417
4723,1418
5929,1419
4304,1420
8117,1421
2011,1422
8227,1423
7634,1424
6047,1425
4725,1426
843,1427
8180,1428
6101,1429
6020,1430
7413,1431
4406,1432
8661,1433
8127,1434
4749,1435
1440,1436
8476,1437
5104,1438
3271,1439
5027,1440
1825,1441
4744,1442
8595,1443
6431,1444
7397,1445
5153,1446
8281,1447
2187,1448
6891,1449
4400,1450
4594,1451
8457,1452
4602,1453
3322,1454
6548,1455
5173,1456
5059,1457
966,1458
5480,1459
3768,1460
1496,1461
3043,1462
7379,1463
5319,1464
8280,1465
7543,1466
7390,1467
6850,1468
7208,1469
5985,1470
6086,1471
7226,1472
7884,1473
7124,1474
7372,1475
6782,1476
5004,1477
39,1478
5377,1479
6148,1480
1913,1481
6275,1482
8642,1483
424,1484
2400,1485
3423,1486
8517,1487
6552,1488
5039,1489
6820,1490
8298,1491
3967,1492
4393,1493
2735,1494
784,1495
4427,1496
5108,1497
5790,1498
5910,1499
8860,1500
5326,1501
5693,1502
1431,1503
5243,1504
4968,1505
8017,1506
6041,1507
3741,1508
3944,1509
6769,1510
7566,1511
4916,1512
4897,1513
8199,1514
1924,1515
2490,1516
5331,1517
5157,1518
160,1519
7368,1520
4006,1521
3432,1522
2598,1523
1491,1524
668,1525
6191,1526
4154,1527
5903,1528
6819,1529
3775,1530
8325,1531
8092,1532
7706,1533
3551,1534
1105,1535
3828,1536
3879,1537
1270,1538
3769,1539
3666,1540
5607,1541
2632,1542
5926,1543
7452,1544
832,1545
3631,1546
3550,1547
1463,1548
2018,1549
8286,1550
1936,1551
7267,1552
3371,1553
3588,1554
4792,1555
3671,1556
1751,1557
1240,1558
4717,1559
2169,1560
5682,1561
7294,1562
2808,1563
8594,1564
769,1565
5709,1566
1985,1567
3162,1568
7027,1569
7658,1570
8419,1571
4605,1572
6570,1573
1997,1574
7053,1575
1847,1576
8842,1577
3988,1578
2538,1579
425,1580
6237,1581
5764,1582
633,1583
2153,1584
7968,1585
3426,1586
1969,1587
2883,1588
1284,1589
1654,1590
7038,1591
4579,1592
8110,1593
8646,1594
6869,1595
5791,1596
8122,1597
7651,1598
6755,1599
5692,1600
6910,1601
4123,1602
3295,1603
7475,1604
6216,1605
8711,1606
4573,1607
4527,1608
2659,1609
7117,1610
7757,1611
6683,1612
1834,1613
7694,1614
6389,1615
679,1616
2559,1617
6485,1618
7652,1619
5276,1620
6443,1621
7927,1622
3931,1623
3837,1624
3466,1625
3996,1626
6405,1627
912,1628
4137,1629
2652,1630
3706,1631
7704,1632
5606,1633
3963,1634
5095,1635
2677,1636
1441,1637
6864,1638
5074,1639
8385,1640
7248,1641
3044,1642
1170,1643
8067,1644
3738,1645
2115,1646
4981,1647
2266,1648
3201,1649
4196,1650
2401,1651
5862,1652
6991,1653
6377,1654
1590,1655
8589,1656
4991,1657
8031,1658
8817,1659
717,1660
1607,1661
4183,1662
2348,1663
3345,1664
7654,1665
7828,1666
6029,1667
2663,1668
1530,1669
150,1670
7539,1671
6429,1672
2328,1673
2608,1674
4917,1675
5140,1676
5148,1677
2903,1678
6529,1679
8558,1680
3606,1681
6546,1682
8089,1683
140,1684
1794,1685
2492,1686
4508,1687
1884,1688
1473,1689
1360,1690
404,1691
8149,1692
40,1693
965,1694
2600,1695
3525,1696
5890,1697
2025,1698
504,1699
1863,1700
4488,1701
5775,1702
5099,1703
7350,1704
6149,1705
1635,1706
8675,1707
382,1708
6631,1709
4945,1710
1079,1711
616,1712
4002,1713
6209,1714
347,1715
6317,1716
271,1717
2304,1718
5955,1719
336,1720
1027,1721
6221,1722
5618,1723
3192,1724
4845,1725
2858,1726
5096,1727
7464,1728
1680,1729
8048,1730
910,1731
6893,1732
7608,1733
6419,1734
5540,1735
6021,1736
4344,1737
1456,1738
6147,1739
7939,1740
7766,1741
5372,1742
1748,1743
1721,1744
8644,1745
1119,1746
6353,1747
6239,1748
7485,1749
2571,1750
1931,1751
8784,1752
2639,1753
8770,1754
6392,1755
2597,1756
8545,1757
3441,1758
8572,1759
7716,1760
3299,1761
2783,1762
4781,1763
3816,1764
6695,1765
1837,1766
4257,1767
2806,1768
4283,1769
8704,1770
6523,1771
1464,1772
595,1773
490,1774
2216,1775
5266,1776
2564,1777
6018,1778
1602,1779
5272,1780
7496,1781
3862,1782
6867,1783
1851,1784
2207,1785
3899,1786
5093,1787
5875,1788
1151,1789
5732,1790
1798,1791
6978,1792
7388,1793
7999,1794
4834,1795
2613,1796
1173,1797
5458,1798
6087,1799
1236,1800
4250,1801
4622,1802
1250,1803
5620,1804
4212,1805
429,1806
8261,1807
5956,1808
669,1809
5870,1810
7880,1811
3850,1812
4331,1813
4061,1814
6840,1815
4266,1816
4625,1817
1297,1818
8010,1819
7147,1820
2776,1821
8808,1822
3596,1823
2579,1824
3475,1825
2880,1826
3509,1827
7270,1828
4390,1829
1696,1830
6935,1831
2827,1832
6050,1833
5445,1834
1418,1835
8206,1836
391,1837
8139,1838
1660,1839
2628,1840
7047,1841
2708,1842
8409,1843
1815,1844
4098,1845
3920,1846
1321,1847
625,1848
7520,1849
8033,1850
2103,1851
1345,1852
8544,1853
2946,1854
4821,1855
7347,1856
7098,1857
1623,1858
6277,1859
6605,1860
7837,1861
3603,1862
5311,1863
1572,1864
1560,1865
143,1866
3871,1867
3134,1868
2423,1869
1760,1870
1434,1871
2542,1872
2881,1873
583,1874
4027,1875
8501,1876
663,1877
5479,1878
3053,1879
8538,1880
8843,1881
3972,1882
3553,1883
3786,1884
6146,1885
4179,1886
7886,1887
5261,1888
4024,1889
8421,1890
1809,1891
7929,1892
1429,1893
4701,1894
3419,1895
7673,1896
4873,1897
7552,1898
6812,1899
299,1900
6410,1901
2644,1902
3161,1903
2655,1904
3132,1905
4284,1906
3046,1907
6665,1908
345,1909
2728,1910
3915,1911
8309,1912
3016,1913
7690,1914
5220,1915
8367,1916
2650,1917
6842,1918
3237,1919
3305,1920
2116,1921
797,1922
3900,1923
5803,1924
3031,1925
3766,1926
3490,1927
3116,1928
5753,1929
7574,1930
3527,1931
2945,1932
5106,1933
3897,1934
7989,1935
8191,1936
4261,1937
1259,1938
3524,1939
3630,1940
8359,1941
4878,1942
6626,1943
2336,1944
3404,1945
406,1946
8415,1947
8827,1948
8076,1949
3055,1950
174,1951
2359,1952
8799,1953
6990,1954
6174,1955
844,1956
4973,1957
7405,1958
6367,1959
8220,1960
182,1961
5727,1962
1488,1963
6381,1964
7318,1965
4994,1966
455,1967
2367,1968
3460,1969
3584,1970
8759,1971
5934,1972
5043,1973
5242,1974
6296,1975
3592,1976
5813,1977
7788,1978
2754,1979
4324,1980
1778,1981
6634,1982
5190,1983
3594,1984
704,1985
5815,1986
2433,1987
7765,1988
7708,1989
2527,1990
3476,1991
1181,1992
2231,1993
7387,1994
3600,1995
6269,1996
389,1997
2950,1998
7449,1999
2132,2000
884,2001
4665,2002
2435,2003
5935,2004
2929,2005
2942,2006
1565,2007
1585,2008
1401,2009
7982,2010
5858,2011
5497,2012
806,2013
6250,2014
478,2015
2222,2016
3700,2017
7426,2018
3965,2019
5880,2020
4599,2021
2346,2022
4083,2023
6358,2024
2325,2025
3531,2026
8493,2027
3852,2028
7093,2029
7274,2030
4839,2031
5233,2032
3961,2033
6777,2034
6965,2035
2830,2036
8170,2037
7532,2038
8248,2039
6206,2040
652,2041
2499,2042
199,2043
7630,2044
7200,2045
2799,2046
2773,2047
6048,2048
8006,2049
187,2050
4310,2051
2974,2052
4816,2053
799,2054
653,2055
2140,2056
3586,2057
1927,2058
1357,2059
4318,2060
2098,2061
3847,2062
3249,2063
5758,2064
6442,2065
6553,2066
8292,2067
4248,2068
8434,2069
272,2070
1269,2071
6059,2072
2606,2073
6604,2074
3574,2075
4082,2076
4566,2077
1421,2078
11,2079
4156,2080
8103,2081
6651,2082
2327,2083
2742,2084
3062,2085
2961,2086
3229,2087
3449,2088
5581,2089
8850,2090
1437,2091
3083,2092
4072,2093
344,2094
922,2095
773,2096
32,2097
3042,2098
2868,2099
3895,2100
5819,2101
1845,2102
7461,2103
377,2104
3187,2105
7265,2106
7214,2107
1014,2108
7987,2109
1935,2110
269,2111
5677,2112
6545,2113
8815,2114
7301,2115
3625,2116
1932,2117
1968,2118
2017,2119
7831,2120
2618,2121
4004,2122
4976,2123
3225,2124
7869,2125
1640,2126
5337,2127
2602,2128
4669,2129
2335,2130
6906,2131
2377,2132
4604,2133
734,2134
6161,2135
3840,2136
2398,2137
503,2138
5850,2139
2589,2140
8439,2141
8851,2142
1652,2143
4277,2144
6068,2145
4966,2146
4337,2147
3455,2148
6078,2149
2024,2150
4492,2151
6913,2152
89,2153
6223,2154
7537,2155
374,2156
5608,2157
2949,2158
4556,2159
126,2160
1950,2161
5799,2162
8548,2163
7140,2164
1608,2165
879,2166
3747,2167
4644,2168
5163,2169
610,2170
938,2171
6070,2172
7717,2173
3214,2174
8789,2175
6258,2176
8500,2177
2569,2178
8681,2179
8450,2180
3383,2181
3447,2182
7176,2183
8836,2184
5729,2185
1485,2186
2255,2187
7816,2188
8480,2189
8529,2190
2369,2191
3602,2192
8016,2193
4040,2194
647,2195
3415,2196
3291,2197
3765,2198
5717,2199
858,2200
8148,2201
2447,2202
5796,2203
2446,2204
2386,2205
2284,2206
4074,2207
7127,2208
7803,2209
302,2210
880,2211
476,2212
203,2213
4692,2214
3582,2215
6751,2216
7024,2217
1507,2218
2396,2219
4314,2220
1662,2221
1462,2222
2911,2223
4506,2224
431,2225
1874,2226
7376,2227
8628,2228
8050,2229
7787,2230
3386,2231
3754,2232
2503,2233
475,2234
7769,2235
5078,2236
6065,2237
6366,2238
3014,2239
3675,2240
3000,2241
3510,2242
4187,2243
5145,2244
8423,2245
534,2246
5609,2247
7017,2248
2812,2249
1445,2250
4108,2251
613,2252
5986,2253
290,2254
8747,2255
2590,2256
5554,2257
4323,2258
4695,2259
1495,2260
7962,2261
7384,2262
3421,2263
6623,2264
7871,2265
7750,2266
1689,2267
7859,2268
1412,2269
58,2270
3316,2271
1939,2272
4287,2273
7424,2274
67,2275
7551,2276
4282,2277
7954,2278
1290,2279
7860,2280
4134,2281
2145,2282
4378,2283
4357,2284
3180,2285
3213,2286
6933,2287
2272,2288
3585,2289
6779,2290
3760,2291
8408,2292
5459,2293
6446,2294
4345,2295
1691,2296
4817,2297
8710,2298
5767,2299
5381,2300
3685,2301
4101,2302
2586,2303
1650,2304
7933,2305
6679,2306
3733,2307
650,2308
8524,2309
1277,2310
7078,2311
2750,2312
6173,2313
5191,2314
3276,2315
937,2316
1653,2317
170,2318
8464,2319
6278,2320
3148,2321
818,2322
5625,2323
8451,2324
7498,2325
7953,2326
1725,2327
5831,2328
5434,2329
5843,2330
5046,2331
2238,2332
7167,2333
7646,2334
4127,2335
3615,2336
1604,2337
2837,2338
5507,2339
6808,2340
782,2341
2612,2342
3018,2343
1542,2344
6718,2345
1903,2346
6732,2347
7932,2348
4662,2349
1676,2350
8556,2351
2258,2352
2943,2353
4341,2354
7433,2355
8273,2356
2484,2357
2616,2358
6332,2359
573,2360
2741,2361
762,2362
8413,2363
8866,2364
7162,2365
1097,2366
6311,2367
5454,2368
6676,2369
4755,2370
564,2371
7996,2372
3344,2373
3436,2374
3784,2375
1766,2376
34,2377
7903,2378
3824,2379
5415,2380
5015,2381
1274,2382
4629,2383
8622,2384
2811,2385
521,2386
5322,2387
1841,2388
5295,2389
4433,2390
1698,2391
7308,2392
6165,2393
3465,2394
7637,2395
5327,2396
4606,2397
4302,2398
312,2399
8430,2400
5695,2401
5228,2402
5762,2403
1524,2404
4879,2405
5645,2406
8192,2407
2147,2408
4985,2409
7459,2410
2512,2411
7805,2412
2091,2413
6938,2414
5962,2415
7278,2416
1160,2417
7446,2418
8550,2419
2235,2420
3787,2421
3556,2422
4428,2423
1701,2424
6128,2425
2296,2426
624,2427
5922,2428
8569,2429
268,2430
4853,2431
4376,2432
7299,2433
1293,2434
5898,2435
2438,2436
1034,2437
3253,2438
5028,2439
7025,2440
8219,2441
5077,2442
2634,2443
4812,2444
905,2445
1234,2446
7703,2447
4288,2448
1026,2449
1108,2450
2584,2451
7655,2452
2810,2453
3128,2454
4452,2455
248,2456
3669,2457
6851,2458
1210,2459
6668,2460
7695,2461
2,2462
7412,2463
5628,2464
2895,2465
6515,2466
5235,2467
8003,2468
3066,2469
5965,2470
2617,2471
2826,2472
6774,2473
5428,2474
6119,2475
640,2476
5371,2477
7351,2478
1388,2479
3154,2480
6962,2481
4336,2482
2572,2483
1186,2484
3997,2485
7131,2486
780,2487
8437,2488
1331,2489
1140,2490
5101,2491
1792,2492
693,2493
7232,2494
2959,2495
1961,2496
8125,2497
8296,2498
5981,2499
7438,2500
7483,2501
7130,2502
1271,2503
201,2504
5064,2505
6710,2506
3792,2507
1425,2508
5846,2509
2829,2510
715,2511
1624,2512
2495,2513
460,2514
7794,2515
313,2516
2035,2517
2498,2518
3746,2519
3517,2520
6673,2521
2265,2522
4748,2523
2087,2524
1900,2525
3659,2526
8554,2527
2682,2528
6701,2529
7224,2530
907,2531
1896,2532
1394,2533
816,2534
3159,2535
1599,2536
758,2537
7502,2538
5199,2539
7751,2540
1457,2541
5032,2542
8225,2543
4087,2544
5946,2545
2200,2546
196,2547
1773,2548
1044,2549
2755,2550
98,2551
5584,2552
7159,2553
178,2554
5178,2555
1552,2556
4059,2557
244,2558
3621,2559
8647,2560
6796,2561
3532,2562
1062,2563
400,2564
2746,2565
5349,2566
410,2567
2310,2568
1617,2569
4308,2570
5134,2571
228,2572
6981,2573
3445,2574
593,2575
6083,2576
5911,2577
6344,2578
6471,2579
5081,2580
6637,2581
1164,2582
1634,2583
6678,2584
2264,2585
2648,2586
1511,2587
3956,2588
3772,2589
4827,2590
3869,2591
5086,2592
6510,2593
7439,2594
1733,2595
2406,2596
5206,2597
2748,2598
1799,2599
4147,2600
5559,2601
273,2602
2979,2603
1910,2604
8492,2605
2922,2606
753,2607
1877,2608
1146,2609
3387,2610
21,2611
7337,2612
6327,2613
1915,2614
1977,2615
4316,2616
8520,2617
7090,2618
908,2619
7135,2620
212,2621
3285,2622
4866,2623
1962,2624
2110,2625
2865,2626
7674,2627
348,2628
2672,2629
2356,2630
1133,2631
7593,2632
4177,2633
5062,2634
7771,2635
8634,2636
438,2637
3680,2638
2370,2639
7693,2640
3688,2641
2847,2642
7607,2643
2239,2644
8620,2645
6298,2646
970,2647
8818,2648
4493,2649
254,2650
709,2651
8015,2652
6662,2653
1084,2654
2037,2655
3038,2656
4175,2657
3918,2658
3751,2659
1355,2660
1139,2661
3547,2662
2251,2663
337,2664
7064,2665
2128,2666
6944,2667
4782,2668
5537,2669
1466,2670
872,2671
817,2672
77,2673
2667,2674
96,2675
1905,2676
373,2677
4544,2678
6214,2679
1220,2680
7872,2681
1947,2682
8360,2683
5287,2684
2964,2685
4501,2686
6265,2687
3507,2688
1221,2689
7991,2690
7796,2691
8804,2692
2246,2693
2523,2694
8210,2695
158,2696
2191,2697
6244,2698
6943,2699
5273,2700
8750,2701
5401,2702
477,2703
472,2704
1658,2705
6921,2706
2759,2707
5591,2708
5359,2709
491,2710
8181,2711
3689,2712
6857,2713
5763,2714
7804,2715
1112,2716
3497,2717
532,2718
7952,2719
6369,2720
6973,2721
1797,2722
8223,2723
5611,2724
7579,2725
8742,2726
3486,2727
718,2728
2619,2729
7174,2730
6877,2731
1509,2732
7503,2733
4592,2734
6871,2735
2703,2736
7505,2737
6907,2738
1914,2739
1104,2740
3102,2741
2508,2742
8557,2743
5279,2744
2884,2745
5144,2746
5285,2747
3242,2748
7905,2749
1551,2750
1039,2751
4057,2752
5781,2753
8120,2754
6775,2755
979,2756
6649,2757
4539,2758
7043,2759
929,2760
8035,2761
4454,2762
7122,2763
1451,2764
1764,2765
6302,2766
2771,2767
4593,2768
7667,2769
6748,2770
4444,2771
5411,2772
977,2773
4509,2774
2844,2775
1598,2776
2082,2777
4718,2778
708,2779
2609,2780
3111,2781
3686,2782
159,2783
3179,2784
5035,2785
2614,2786
2114,2787
1777,2788
2468,2789
6680,2790
3199,2791
2839,2792
5971,2793
1237,2794
326,2795
2743,2796
2403,2797
1068,2798
7672,2799
1310,2800
5565,2801
6700,2802
3521,2803
1780,2804
3599,2805
461,2806
7624,2807
4691,2808
2636,2809
6951,2810
7616,2811
8856,2812
99,2813
4128,2814
1150,2815
752,2816
6342,2817
1979,2818
5147,2819
2219,2820
2680,2821
1438,2822
1848,2823
1154,2824
2306,2825
8570,2826
3864,2827
6630,2828
7832,2829
3462,2830
3713,2831
3281,2832
8442,2833
5662,2834
157,2835
4965,2836
7352,2837
8840,2838
2968,2839
207,2840
1933,2841
145,2842
8774,2843
4374,2844
5837,2845
8630,2846
3925,2847
7613,2848
291,2849
5489,2850
878,2851
1683,2852
3144,2853
4143,2854
860,2855
6142,2856
112,2857
1030,2858
8820,2859
414,2860
5931,2861
474,2862
7422,2863
6860,2864
5146,2865
423,2866
571,2867
5122,2868
5038,2869
6007,2870
1280,2871
4384,2872
2067,2873
2867,2874
920,2875
459,2876
3857,2877
1480,2878
4751,2879
3481,2880
5343,2881
3211,2882
7181,2883
4281,2884
3711,2885
8258,2886
2383,2887
7482,2888
6194,2889
3108,2890
2814,2891
8593,2892
8395,2893
3103,2894
665,2895
1912,2896
7363,2897
2380,2898
6270,2899
6497,2900
2047,2901
3514,2902
8445,2903
2800,2904
2649,2905
8459,2906
1329,2907
2337,2908
1177,2909
2778,2910
4585,2911
3583,2912
5798,2913
4221,2914
418,2915
5567,2916
3402,2917
3604,2918
1459,2919
6315,2920
5561,2921
1258,2922
5977,2923
5669,2924
7216,2925
6354,2926
1673,2927
3612,2928
5658,2929
33,2930
558,2931
2790,2932
8403,2933
4328,2934
1753,2935
826,2936
7487,2937
4978,2938
463,2939
5298,2940
3535,2941
4572,2942
6156,2943
6170,2944
1930,2945
3653,2946
219,2947
3091,2948
8315,2949
3964,2950
8397,2951
6945,2952
5884,2953
6301,2954
365,2955
108,2956
2274,2957
3936,2958
2472,2959
4932,2960
3506,2961
448,2962
5350,2963
6235,2964
6983,2965
1054,2966
4276,2967
1820,2968
88,2969
6328,2970
3829,2971
1256,2972
3546,2973
3286,2974
4766,2975
5137,2976
8029,2977
340,2978
992,2979
6387,2980
1260,2981
8758,2982
4972,2983
2795,2984
538,2985
796,2986
6832,2987
7873,2988
6337,2989
902,2990
2511,2991
4184,2992
1705,2993
2784,2994
7041,2995
7571,2996
10,2997
6940,2998
1484,2999
8463,3000
7095,3001
5580,3002
5506,3003
7937,3004
913,3005
3303,3006
5143,3007
2319,3008
8009,3009
1241,3010
1958,3011
3138,3012
8084,3013
433,3014
1494,3015
6422,3016
8828,3017
3135,3018
7924,3019
6728,3020
3870,3021
8649,3022
1580,3023
2453,3024
5881,3025
7362,3026
5073,3027
6314,3028
3311,3029
1716,3030
5754,3031
2621,3032
5622,3033
1727,3034
691,3035
1407,3036
5102,3037
1231,3038
7414,3039
8771,3040
5238,3041
7026,3042
5097,3043
8070,3044
7896,3045
7241,3046
1928,3047
6756,3048
721,3049
2270,3050
5688,3051
6897,3052
7039,3053
4401,3054
3473,3055
5623,3056
2902,3057
2831,3058
133,3059
7225,3060
4583,3061
5704,3062
7512,3063
3273,3064
1088,3065
3079,3066
1078,3067
1501,3068
3398,3069
30,3070
3247,3071
7273,3072
6607,3073
8238,3074
7663,3075
4980,3076
8887,3077
7132,3078
5036,3079
2576,3080
4924,3081
1018,3082
7897,3083
7842,3084
6872,3085
8766,3086
1349,3087
2353,3088
6802,3089
1975,3090
5716,3091
2530,3092
8481,3093
120,3094
2064,3095
2413,3096
7006,3097
643,3098
1907,3099
2004,3100
8179,3101
8193,3102
6596,3103
1836,3104
7528,3105
6868,3106
1564,3107
8869,3108
1827,3109
8132,3110
6540,3111
6135,3112
8465,3113
3581,3114
802,3115
2528,3116
2482,3117
4531,3118
4499,3119
768,3120
4979,3121
5115,3122
8398,3123
2688,3124
7560,3125
8115,3126
4977,3127
7079,3128
7563,3129
2716,3130
7731,3131
749,3132
1986,3133
661,3134
1080,3135
6052,3136
5362,3137
4970,3138
6971,3139
6975,3140
1487,3141
2027,3142
5109,3143
8150,3144
2615,3145
5353,3146
6804,3147
710,3148
2290,3149
5368,3150
8616,3151
308,3152
730,3153
2181,3154
7259,3155
454,3156
4502,3157
8795,3158
3197,3159
967,3160
3328,3161
742,3162
728,3163
495,3164
4565,3165
3114,3166
3176,3167
8692,3168
7997,3169
353,3170
975,3171
515,3172
885,3173
3218,3174
8034,3175
5370,3176
8509,3177
2603,3178
3780,3179
6400,3180
8372,3181
8116,3182
2163,3183
8254,3184
4404,3185
270,3186
2520,3187
6645,3188
5258,3189
5861,3190
8056,3191
8178,3192
3351,3193
3117,3194
8058,3195
7109,3196
8086,3197
8172,3198
6482,3199
3529,3200
8416,3201
2086,3202
5951,3203
4765,3204
8533,3205
4423,3206
328,3207
2785,3208
5131,3209
6111,3210
1795,3211
7428,3212
7514,3213
6856,3214
6313,3215
7326,3216
5224,3217
4542,3218
6307,3219
1255,3220
8674,3221
5750,3222
6922,3223
1142,3224
8118,3225
8604,3226
8405,3227
941,3228
7157,3229
918,3230
6421,3231
6763,3232
7453,3233
317,3234
5776,3235
3571,3236
2550,3237
4987,3238
574,3239
7264,3240
4819,3241
2529,3242
822,3243
2436,3244
3637,3245
6211,3246
191,3247
1085,3248
5527,3249
8027,3250
2763,3251
500,3252
2375,3253
3976,3254
3989,3255
3364,3256
3109,3257
246,3258
7106,3259
3905,3260
1612,3261
4652,3262
4557,3263
5066,3264
1566,3265
3926,3266
7930,3267
5058,3268
4291,3269
5090,3270
8884,3271
777,3272
956,3273
3469,3274
6163,3275
3190,3276
1166,3277
518,3278
8668,3279
8042,3280
1101,3281
4728,3282
1245,3283
1686,3284
3241,3285
5761,3286
1162,3287
5697,3288
5469,3289
7972,3290
6675,3291
5659,3292
6882,3293
142,3294
3384,3295
4364,3296
5002,3297
3256,3298
5301,3299
547,3300
1626,3301
4946,3302
2825,3303
5455,3304
428,3305
1055,3306
5687,3307
6985,3308
7748,3309
6233,3310
1087,3311
743,3312
93,3313
805,3314
5366,3315
1010,3316
1943,3317
5012,3318
3646,3319
8432,3320
2475,3321
8672,3322
2923,3323
3502,3324
265,3325
3880,3326
3709,3327
850,3328
1959,3329
7516,3330
70,3331
7890,3332
7286,3333
1090,3334
5672,3335
12,3336
8377,3337
8061,3338
1904,3339
1324,3340
4829,3341
5068,3342
8657,3343
7598,3344
8376,3345
2757,3346
4290,3347
4456,3348
1767,3349
109,3350
7951,3351
2084,3352
8511,3353
8146,3354
3987,3355
5666,3356
3538,3357
7444,3358
5213,3359
5610,3360
1714,3361
7416,3362
1069,3363
7601,3364
2694,3365
4263,3366
5155,3367
2772,3368
6084,3369
3898,3370
1029,3371
5660,3372
837,3373
5177,3374
5967,3375
2213,3376
1040,3377
5961,3378
5773,3379
7378,3380
6118,3381
2816,3382
37,3383
7425,3384
582,3385
2526,3386
2611,3387
1828,3388
6793,3389
2705,3390
7611,3391
2864,3392
1610,3393
825,3394
6379,3395
6077,3396
5260,3397
8390,3398
4761,3399
4934,3400
8164,3401
7899,3402
6141,3403
4653,3404
5989,3405
7580,3406
6716,3407
6249,3408
2952,3409
6785,3410
2152,3411
792,3412
959,3413
8411,3414
346,3415
3756,3416
7764,3417
7316,3418
7985,3419
3158,3420
3593,3421
1711,3422
2582,3423
6290,3424
1771,3425
3098,3426
4807,3427
3217,3428
7802,3429
1191,3430
804,3431
7920,3432
596,3433
3321,3434
3324,3435
4863,3436
5079,3437
2279,3438
819,3439
807,3440
919,3441
420,3442
4971,3443
900,3444
2928,3445
7364,3446
295,3447
7622,3448
8743,3449
8207,3450
4231,3451
2801,3452
62,3453
6044,3454
3096,3455
7206,3456
604,3457
5365,3458
6401,3459
6131,3460
350,3461
1843,3462
3974,3463
8095,3464
8676,3465
6308,3466
2560,3467
5492,3468
55,3469
1137,3470
4536,3471
8873,3472
1659,3473
2982,3474
1390,3475
7003,3476
8057,3477
376,3478
2428,3479
3314,3480
8723,3481
3632,3482
5529,3483
84,3484
6800,3485
3716,3486
4721,3487
5920,3488
6766,3489
4032,3490
3636,3491
909,3492
2226,3493
6606,3494
7554,3495
6767,3496
1197,3497
8233,3498
1227,3499
3579,3500
5237,3501
7125,3502
7529,3503
2727,3504
2350,3505
7614,3506
8651,3507
565,3508
7618,3509
442,3510
1376,3511
3107,3512
6203,3513
8302,3514
4776,3515
3761,3516
8640,3517
4967,3518
3479,3519
3658,3520
1229,3521
1400,3522
5034,3523
4303,3524
5748,3525
1095,3526
6721,3527
3883,3528
1114,3529
7035,3530
386,3531
986,3532
3207,3533
6123,3534
2653,3535
6418,3536
1099,3537
1581,3538
7564,3539
1175,3540
3444,3541
987,3542
1276,3543
2300,3544
1741,3545
7625,3546
6091,3547
3884,3548
697,3549
185,3550
1562,3551
3670,3552
1966,3553
6653,3554
7729,3555
3467,3556
1972,3557
4906,3558
533,3559
1129,3560
8218,3561
4139,3562
1536,3563
4702,3564
2996,3565
2033,3566
1629,3567
1600,3568
234,3569
8369,3570
3191,3571
2733,3572
3589,3573
2424,3574
1597,3575
827,3576
5280,3577
4798,3578
8547,3579
5806,3580
2713,3581
7691,3582
2518,3583
6878,3584
6122,3585
3969,3586
6739,3587
5296,3588
7857,3589
5117,3590
7807,3591
154,3592
8080,3593
4538,3594
5617,3595
3512,3596
2032,3597
5957,3598
8499,3599
5973,3600
2392,3601
7522,3602
4122,3603
8326,3604
250,3605
3691,3606
6901,3607
5879,3608
1053,3609
3522,3610
1100,3611
1637,3612
1225,3613
5264,3614
5980,3615
1383,3616
5208,3617
3919,3618
2081,3619
7490,3620
952,3621
4541,3622
6762,3623
1546,3624
5378,3625
7662,3626
7882,3627
7260,3628
7595,3629
1663,3630
859,3631
8228,3632
4241,3633
1636,3634
8307,3635
5100,3636
4397,3637
8730,3638
149,3639
3954,3640
5345,3641
800,3642
7799,3643
3342,3644
7845,3645
736,3646
2722,3647
6019,3648
3896,3649
1037,3650
8762,3651
3764,3652
4472,3653
8054,3654
923,3655
3377,3656
5471,3657
2704,3658
876,3659
5538,3660
8091,3661
7736,3662
853,3663
3254,3664
7535,3665
6918,3666
7113,3667
3049,3668
939,3669
17,3670
7455,3671
6746,3672
8045,3673
6835,3674
4843,3675
5060,3676
4836,3677
3145,3678
4580,3679
3661,3680
7995,3681
6348,3682
2828,3683
5149,3684
5501,3685
2287,3686
469,3687
5195,3688
7085,3689
677,3690
3448,3691
3215,3692
510,3693
5159,3694
6929,3695
1584,3696
3684,3697
1354,3698
6144,3699
2855,3700
2665,3701
6657,3702
8561,3703
7355,3704
3914,3705
1001,3706
5587,3707
812,3708
8101,3709
666,3710
4094,3711
3054,3712
5701,3713
8472,3714
7377,3715
7247,3716
192,3717
274,3718
5654,3719
8140,3720
600,3721
1132,3722
7266,3723
6480,3724
945,3725
2006,3726
3406,3727
2926,3728
4587,3729
256,3730
8731,3731
1275,3732
4409,3733
642,3734
1646,3735
4153,3736
2442,3737
1736,3738
1204,3739
8143,3740
5205,3741
1327,3742
683,3743
4528,3744
5432,3745
585,3746
6650,3747
7403,3748
7467,3749
2462,3750
3061,3751
7727,3752
5574,3753
355,3754
1861,3755
6356,3756
1214,3757
6160,3758
667,3759
5392,3760
6267,3761
4359,3762
53,3763
8807,3764
5993,3765
1041,3766
3934,3767
889,3768
7944,3769
5150,3770
7434,3771
1469,3772
8755,3773
1257,3774
5091,3775
1504,3776
7730,3777
450,3778
7948,3779
5945,3780
7068,3781
1757,3782
2026,3783
6200,3784
764,3785
1193,3786
7492,3787
7075,3788
7191,3789
1708,3790
7194,3791
188,3792
7790,3793
370,3794
8425,3795
8021,3796
5241,3797
6437,3798
6652,3799
6010,3800
988,3801
6032,3802
567,3803
1323,3804
1305,3805
6625,3806
7472,3807
2481,3808
1791,3809
1152,3810
8831,3811
8454,3812
4146,3813
3092,3814
7643,3815
251,3816
3947,3817
8156,3818
1442,3819
5063,3820
1426,3821
3617,3822
5899,3823
5724,3824
1159,3825
7408,3826
2299,3827
4014,3828
3365,3829
4724,3830
4682,3831
7815,3832
657,3833
3338,3834
2939,3835
1750,3836
421,3837
1157,3838
1149,3839
3662,3840
8256,3841
7361,3842
6157,3843
4785,3844
3863,3845
2240,3846
6698,3847
6272,3848
2887,3849
8722,3850
8284,3851
2170,3852
4232,3853
8510,3854
1870,3855
1730,3856
7752,3857
1859,3858
3146,3859
1008,3860
3800,3861
4019,3862
5333,3863
6754,3864
2935,3865
8460,3866
1307,3867
954,3868
3724,3869
1819,3870
6289,3871
8833,3872
5040,3873
8188,3874
3638,3875
3072,3876
4424,3877
1308,3878
1319,3879
1823,3880
2281,3881
4075,3882
8043,3883
649,3884
368,3885
7733,3886
2000,3887
7325,3888
3329,3889
1202,3890
8055,3891
719,3892
2624,3893
4280,3894
3890,3895
5746,3896
591,3897
331,3898
6544,3899
3198,3900
7575,3901
8592,3902
83,3903
8343,3904
6318,3905
8564,3906
5048,3907
5894,3908
3555,3909
7339,3910
5576,3911
8094,3912
4684,3913
3168,3914
6537,3915
1365,3916
3822,3917
6759,3918
2354,3919
6329,3920
1340,3921
232,3922
4105,3923
501,3924
8482,3925
7207,3926
5346,3927
7943,3928
393,3929
1481,3930
6642,3931
8555,3932
1622,3933
1120,3934
3378,3935
3130,3936
3424,3937
7411,3938
6378,3939
996,3940
1048,3941
985,3942
1206,3943
1141,3944
1923,3945
7966,3946
2802,3947
5613,3948
3165,3949
4478,3950
623,3951
5423,3952
5351,3953
8317,3954
2643,3955
2695,3956
4961,3957
4495,3958
395,3959
5168,3960
8504,3961
4144,3962
371,3963
6473,3964
6534,3965
4658,3966
6696,3967
3485,3968
6185,3969
8002,3970
1835,3971
3913,3972
8347,3973
1447,3974
1521,3975
3174,3976
5338,3977
6192,3978
2271,3979
1006,3980
542,3981
3673,3982
7698,3983
4736,3984
1135,3985
6268,3986
1043,3987
6427,3988
7255,3989
7978,3990
1460,3991
7945,3992
1591,3993
7235,3994
1306,3995
8614,3996
4810,3997
5249,3998
8203,3999
5897,4000
950,4001
3647,4002
3104,4003
8699,4004
6674,4005
7349,4006
1130,4007
7829,4008
2445,4009
7245,4010
2095,4011
2085,4012
1875,4013
3923,4014
278,4015
5917,4016
7344,4017
1016,4018
1138,4019
6848,4020
8032,4021
8443,4022
1017,4023
4762,4024
4312,4025
8167,4026
50,4027
6714,4028
1364,4029
7204,4030
430,4031
1724,4032
4545,4033
2013,4034
3721,4035
3814,4036
7877,4037
3668,4038
8845,4039
5009,4040
3069,4041
5055,4042
4656,4043
97,4044
2862,4045
3619,4046
7894,4047
1872,4048
741,4049
7252,4050
3001,4051
6433,4052
5974,4053
5876,4054
324,4055
4689,4056
8200,4057
5631,4058
6236,4059
0,4060
2937,4061
2252,4062
3821,4063
8574,4064
8772,4065
520,4066
1512,4067
7219,4068
7282,4069
7322,4070
921,4071
7623,4072
8467,4073
7328,4074
6723,4075
1005,4076
3166,4077
6822,4078
7223,4079
4079,4080
3554,4081
4138,4082
1082,4083
2096,4084
4012,4085
3457,4086
8458,4087
6081,4088
3045,4089
4942,4090
8677,4091
3645,4092
3248,4093
887,4094
3483,4095
4159,4096
6671,4097
7150,4098
462,4099
362,4100
8111,4101
114,4102
5161,4103
361,4104
6542,4105
5050,4106
4129,4107
746,4108
4407,4109
6189,4110
8392,4111
1172,4112
3694,4113
6363,4114
8429,4115
5197,4116
7550,4117
493,4118
148,4119
1452,4120
6560,4121
2933,4122
546,4123
1358,4124
934,4125
3939,4126
2807,4127
6740,4128
6413,4129
1706,4130
6201,4131
6171,4132
1574,4133
1632,4134
6806,4135
8039,4136
2787,4137
1098,4138
8189,4139
4750,4140
5572,4141
5541,4142
8366,4143
4307,4144
2372,4145
3783,4146
7892,4147
4993,4148
7392,4149
6046,4150
584,4151
1677,4152
4073,4153
3804,4154
4334,4155
4299,4156
8047,4157
3323,4158
8424,4159
4733,4160
8798,4161
6703,4162
5739,4163
1230,4164
1498,4165
2454,4166
4975,4167
3763,4168
1768,4169
2144,4170
2036,4171
1158,4172
2303,4173
1490,4174
1648,4175
3493,4176
3319,4177
1486,4178
5787,4179
2752,4180
1937,4181
8662,4182
1685,4183
6403,4184
3057,4185
8301,4186
6297,4187
1243,4188
4260,4189
1944,4190
4948,4191
3750,4192
168,4193
6254,4194
3003,4195
5268,4196
6568,4197
2166,4198
6285,4199
5203,4200
4739,4201
4789,4202
2991,4203
7421,4204
1942,4205
7010,4206
8883,4207
8560,4208
6963,4209
385,4210
4697,4211
1493,4212
8144,4213
4686,4214
7030,4215
6597,4216
2374,4217
3267,4218
8834,4219
3282,4220
3238,4221
531,4222
3411,4223
3978,4224
3343,4225
8603,4226
65,4227
6090,4228
7168,4229
306,4230
4533,4231
8327,4232
7605,4233
6576,4234
36,4235
1223,4236
7648,4237
1402,4238
2798,4239
446,4240
6582,4241
3339,4242
2122,4243
7711,4244
4243,4245
1180,4246
6319,4247
5605,4248
5503,4249
266,4250
4646,4251
60,4252
6300,4253
4747,4254
7473,4255
4963,4256
2707,4257
7287,4258
5686,4259
162,4260
8102,4261
1518,4262
4786,4263
1251,4264
4645,4265
2774,4266
3730,4267
5176,4268
3618,4269
1126,4270
2478,4271
6257,4272
8783,4273
1901,4274
236,4275
1195,4276
1403,4277
926,4278
6283,4279
5355,4280
8601,4281
5982,4282
2340,4283
240,4284
5324,4285
2805,4286
2834,4287
3813,4288
1517,4289
1266,4290
7126,4291
5968,4292
2592,4293
4861,4294
5684,4295
3690,4296
7155,4297
5376,4298
1699,4299
6472,4300
1902,4301
7898,4302
5916,4303
7165,4304
651,4305
1453,4306
1404,4307
2905,4308
4756,4309
4067,4310
1878,4311
1385,4312
8374,4313
2683,4314
1212,4315
4402,4316
6399,4317
1866,4318
8824,4319
6610,4320
949,4321
1756,4322
6611,4323
1003,4324
8247,4325
5252,4326
6749,4327
2907,4328
1620,4329
4090,4330
7212,4331
8198,4332
5794,4333
4131,4334
4054,4335
4007,4336
2030,4337
5222,4338
4668,4339
2381,4340
2815,4341
2155,4342
161,4343
6428,4344
3209,4345
4823,4346
5248,4347
135,4348
1894,4349
3860,4350
4921,4351
8690,4352
2706,4353
5306,4354
999,4355
6694,4356
4704,4357
4582,4358
4553,4359
4610,4360
2762,4361
614,4362
2291,4363
7640,4364
488,4365
7072,4366
8671,4367
8632,4368
8250,4369
7570,4370
7441,4371
2915,4372
1372,4373
6130,4374
3288,4375
7741,4376
7779,4377
4722,4378
7197,4379
7013,4380
6132,4381
2817,4382
2497,4383
3608,4384
6245,4385
6898,4386
3727,4387
771,4388
5297,4389
890,4390
85,4391
2908,4392
590,4393
3643,4394
6661,4395
6833,4396
2918,4397
3115,4398
2838,4399
7795,4400
8019,4401
5380,4402
180,4403
3223,4404
5356,4405
1920,4406
7189,4407
1081,4408
3820,4409
2443,4410
156,4411
4869,4412
5450,4413
1891,4414
7014,4415
5130,4416
3717,4417
4608,4418
793,4419
2893,4420
2256,4421
7066,4422
3278,4423
3251,4424
7190,4425
218,4426
8232,4427
1161,4428
5921,4429
3943,4430
1111,4431
3430,4432
5444,4433
7955,4434
3390,4435
3293,4436
7380,4437
452,4438
8800,4439
5857,4440
1922,4441
7317,4442
2789,4443
4524,4444
8,4445
5856,4446
305,4447
572,4448
694,4449
8566,4450
639,4451
3262,4452
3534,4453
6558,4454
1378,4455
8841,4456
4388,4457
4001,4458
6562,4459
7839,4460
78,4461
8339,4462
4109,4463
2119,4464
3513,4465
1639,4466
4185,4467
496,4468
4462,4469
3697,4470
2846,4471
4560,4472
2892,4473
8543,4474
1144,4475
8129,4476
4416,4477
8440,4478
5315,4479
674,4480
7565,4481
1382,4482
6031,4483
6896,4484
1443,4485
4521,4486
1694,4487
8318,4488
2136,4489
1325,4490
6555,4491
2948,4492
7019,4493
3735,4494
5317,4495
6006,4496
3945,4497
2909,4498
1981,4499
1839,4500
1446,4501
5661,4502
7521,4503
873,4504
8812,4505
121,4506
2422,4507
7500,4508
447,4509
1094,4510
8635,4511
6251,4512
5164,4513
2204,4514
1592,4515
7341,4516
8823,4517
343,4518
1887,4519
727,4520
3372,4521
2886,4522
1454,4523
7544,4524
7309,4525
2416,4526
4699,4527
4563,4528
6062,4529
2171,4530
5665,4531
5788,4532
6531,4533
5900,4534
6535,4535
7959,4536
7088,4537
7457,4538
8882,4539
7659,4540
1203,4541
372,4542
5430,4543
224,4544
8477,4545
3437,4546
1876,4547
8370,4548
5715,4549
3736,4550
3580,4551
1303,4552
4003,4553
8282,4554
6658,4555
8320,4556
4746,4557
4793,4558
3137,4559
6792,4560
8816,4561
8684,4562
7163,4563
8796,4564
1458,4565
1785,4566
3807,4567
1763,4568
1964,4569
2305,4570
562,4571
6247,4572
1983,4573
3296,4574
7686,4575
4100,4576
3983,4577
6844,4578
5597,4579
4088,4580
1246,4581
6295,4582
1846,4583
1478,4584
6518,4585
8428,4586
5070,4587
1124,4588
4391,4589
1578,4590
7584,4591
8534,4592
1179,4593
5448,4594
588,4595
6702,4596
7211,4597
5518,4598
293,4599
4822,4600
4335,4601
6982,4602
1013,4603
3933,4604
3382,4605
5673,4606
1642,4607
8605,4608
5330,4609
4700,4610
2944,4611
2992,4612
1362,4613
8229,4614
2459,4615
3634,4616
3265,4617
8217,4618
2230,4619
6979,4620
6134,4621
7553,4622
581,4623
5472,4624
8270,4625
8330,4626
2845,4627
6279,4628
1731,4629
4707,4630
1992,4631
5867,4632
3921,4633
5691,4634
3065,4635
4347,4636
5785,4637
4852,4638
2196,4639
1806,4640
8412,4641
3118,4642
6903,4643
8461,4644
670,4645
3526,4646
6996,4647
4914,4648
4145,4649
5030,4650
3463,4651
5685,4652
7761,4653
1533,4654
4554,4655
5299,4656
4,4657
7199,4658
549,4659
2715,4660
230,4661
754,4662
3349,4663
8687,4664
307,4665
7830,4666
7825,4667
7697,4668
231,4669
5927,4670
5592,4671
1651,4672
1547,4673
5795,4674
435,4675
8536,4676
6733,4677
1816,4678
3156,4679
3155,4680
8746,4681
4586,4682
2009,4683
6892,4684
7762,4685
8022,4686
998,4687
49,4688
7491,4689
225,4690
4957,4691
1004,4692
5886,4693
1549,4694
5808,4695
19,4696
6305,4697
1338,4698
1465,4699
1619,4700
8567,4701
8131,4702
8698,4703
2940,4704
4518,4705
8399,4706
4901,4707
8112,4708
2513,4709
3894,4710
260,4711
3133,4712
2088,4713
494,4714
2395,4715
1096,4716
6920,4717
4935,4718
8706,4719
7370,4720
7091,4721
8401,4722
6914,4723
7538,4724
7203,4725
888,4726
3468,4727
6669,4728
5087,4729
2488,4730
5152,4731
6375,4732
357,4733
5121,4734
6825,4735
6025,4736
396,4737
6365,4738
6648,4739
3393,4740
636,4741
838,4742
6692,4743
1346,4744
2764,4745
6263,4746
2678,4747
1656,4748
4672,4749
4719,4750
5531,4751
3924,4752
330,4753
3740,4754
3518,4755
3572,4756
740,4757
3244,4758
968,4759
5855,4760
7141,4761
1107,4762
7000,4763
4285,4764
8072,4765
7712,4766
383,4767
1519,4768
5978,4769
5029,4770
8436,4771
2247,4772
3825,4773
7298,4774
6608,4775
1304,4776
5892,4777
906,4778
165,4779
5156,4780
7904,4781
8235,4782
7044,4783
7756,4784
1606,4785
6672,4786
7702,4787
1790,4788
592,4789
8732,4790
4172,4791
7938,4792
2109,4793
4661,4794
6004,4795
6810,4796
5142,4797
7081,4798
6731,4799
4758,4800
5747,4801
91,4802
7780,4803
6741,4804
7406,4805
1422,4806
2890,4807
2822,4808
301,4809
8262,4810
3416,4811
3067,4812
1113,4813
4584,4814
774,4815
90,4816
6440,4817
4885,4818
1344,4819
2133,4820
5907,4821
388,4822
3257,4823
3773,4824
5549,4825
352,4826
3732,4827
8288,4828
2930,4829
4473,4830
4148,4831
1513,4832
7865,4833
1812,4834
4561,4835
3454,4836
6936,4837
1998,4838
757,4839
6261,4840
5588,4841
262,4842
3200,4843
8375,4844
5918,4845
3798,4846
1954,4847
569,4848
1285,4849
1036,4850
1083,4851
223,4852
602,4853
4252,4854
1207,4855
8546,4856
4013,4857
6014,4858
8703,4859
5335,4860
3977,4861
659,4862
152,4863
210,4864
3094,4865
1209,4866
3269,4867
8244,4868
3051,4869
6974,4870
3027,4871
1411,4872
3186,4873
7687,4874
6008,4875
2995,4876
526,4877
6950,4878
1672,4879
4904,4880
4680,4881
7510,4882
7463,4883
7227,4884
468,4885
1262,4886
7620,4887
6204,4888
1917,4889
3182,4890
4959,4891
5067,4892
8813,4893
4833,4894
7621,4895
8340,4896
2162,4897
2031,4898
8826,4899
6992,4900
8433,4901
3734,4902
5640,4903
7382,4904
1330,4905
3994,4906
8337,4907
4368,4908
1665,4909
4937,4910
7908,4911
8549,4912
2835,4913
5158,4914
8521,4915
1814,4916
6617,4917
7844,4918
6549,4919
8802,4920
7354,4921
6632,4922
8355,4923
5256,4924
342,4925
4947,4926
1621,4927
6195,4928
7534,4929
711,4930
1248,4931
3157,4932
6827,4933
3545,4934
25,4935
7134,4936
8879,4937
258,4938
241,4939
722,4940
507,4941
153,4942
2836,4943
781,4944
4080,4945
124,4946
8471,4947
426,4948
392,4949
701,4950
4770,4951
5722,4952
8469,4953
2379,4954
1337,4955
87,4956
2781,4957
4438,4958
5936,4959
2288,4960
7383,4961
8354,4962
6120,4963
2390,4964
6633,4965
5069,4966
1990,4967
1239,4968
3170,4969
5383,4970
7519,4971
1341,4972
1615,4973
7074,4974
2044,4975
834,4976
47,4977
3125,4978
7763,4979
6227,4980
3280,4981
2919,4982
1869,4983
8712,4984
6396,4985
4118,4986
1553,4987
5230,4988
1892,4989
7395,4990
2113,4991
6977,4992
407,4993
3802,4994
1670,4995
7002,4996
5566,4997
6758,4998
4158,4999
8444,5000
4614,5001
7059,5002
8107,5003
2315,5004
8363,5005
4806,5006
7156,5007
6125,5008
3949,5009
7137,5010
6846,5011
5300,5012
8627,5013
5215,5014
444,5015
2010,5016
6939,5017
2866,5018
609,5019
6736,5020
1265,5021
1723,5022
7615,5023
2164,5024
726,5025
5718,5026
8745,5027
6464,5028
894,5029
7665,5030
2975,5031
1409,5032
3097,5033
8502,5034
2906,5035
1045,5036
641,5037
4475,5038
436,5039
3142,5040
2002,5041
1213,5042
1281,5043
903,5044
2001,5045
7739,5046
8565,5047
8788,5048
5373,5049
1145,5050
881,5051
527,5052
8641,5053
7173,5054
6273,5055
8240,5056
3633,5057
2504,5058
6752,5059
1020,5060
415,5061
8683,5062
2190,5063
685,5064
3712,5065
6641,5066
334,5067
1921,5068
576,5069
2125,5070
3106,5071
2329,5072
7423,5073
1359,5074
7096,5075
1222,5076
8352,5077
7272,5078
1726,5079
2768,5080
8609,5081
3439,5082
1813,5083
3348,5084
5053,5085
1060,5086
6567,5087
8138,5088
1350,5089
7385,5090
8494,5091
786,5092
3815,5093
7511,5094
943,5095
6023,5096
323,5097
5950,5098
7737,5099
8748,5100
5877,5101
2767,5102
6230,5103
1375,5104
536,5105
2387,5106
7063,5107
1911,5108
1774,5109
7333,5110
7666,5111
1373,5112
2958,5113
4338,5114
5244,5115
130,5116
3664,5117
1322,5118
129,5119
1678,5120
7923,5121
932,5122
1974,5123
5545,5124
7818,5125
673,5126
6744,5127
2076,5128
4322,5129
7069,5130
7240,5131
2384,5132
7541,5133
3927,5134
4089,5135
3427,5136
1567,5137
5546,5138
748,5139
3609,5140
7725,5141
3315,5142
7851,5143
3907,5144
3363,5145
5707,5146
8344,5147
958,5148
384,5149
505,5150
164,5151
7342,5152
8761,5153
2212,5154
8165,5155
964,5156
1783,5157
8863,5158
8853,5159
7819,5160
2920,5161
3932,5162
2549,5163
1865,5164
8154,5165
413,5166
5103,5167
8104,5168
570,5169
6984,5170
705,5171
3591,5172
6454,5173
7689,5174
5229,5175
1272,5176
4709,5177
104,5178
489,5179
2060,5180
3790,5181
6395,5182
5468,5183
936,5184
4974,5185
6108,5186
8053,5187
7057,5188
1427,5189
3185,5190
957,5191
8176,5192
7129,5193
4110,5194
857,5195
615,5196
6376,5197
4422,5198
7300,5199
3307,5200
660,5201
3274,5202
42,5203
44,5204
3639,5205
7469,5206
1071,5207
6436,5208
4745,5209
7628,5210
1430,5211
4016,5212
619,5213
1472,5214
6742,5215
8447,5216
4279,5217
1398,5218
4353,5219
566,5220
5569,5221
550,5222
5702,5223
557,5224
2745,5225
451,5226
7700,5227
865,5228
1840,5229
5408,5230
470,5231
7895,5232
3975,5233
8474,5234
1669,5235
118,5236
765,5237
2141,5238
5054,5239
6527,5240
1568,5241
4655,5242
7588,5243
1506,5244
5119,5245
7151,5246
951,5247
6445,5248
4532,5249
7657,5250
8265,5251
842,5252
5123,5253
217,5254
4601,5255
6750,5256
605,5257
3175,5258
3007,5259
482,5260
3652,5261
1596,5262
4340,5263
4632,5264
6110,5265
2629,5266
8865,5267
2249,5268
1015,5269
2262,5270
3909,5271
427,5272
8625,5273
6639,5274
989,5275
993,5276
892,5277
981,5278
631,5279
4135,5280
2777,5281
6845,5282
5460,5283
1674,5284
684,5285
1070,5286
1582,5287
1332,5288
6563,5289
1118,5290
2744,5291
1980,5292
1603,5293
2966,5294
5192,5295
1499,5296
4056,5297
7052,5298
6888,5299
117,5300
1347,5301
5668,5302
209,5303
5912,5304
5852,5305
3968,5306
5940,5307
35,5308
2510,5309
676,5310
1638,5311
8134,5312
2148,5313
4247,5314
4894,5315
7645,5316
1867,5317
3169,5318
6720,5319
7440,5320
3681,5321
7724,5322
100,5323
2876,5324
1086,5325
1074,5326
7100,5327
820,5328
789,5329
1415,5330
123,5331
7784,5332
3063,5333
1772,5334
6708,5335
1174,5336
8211,5337
5227,5338
5990,5339
8679,5340
4696,5341
3511,5342
1217,5343
2731,5344
6397,5345
5363,5346
3982,5347
441,5348
6271,5349
6380,5350
1955,5351
456,5352
2962,5353
6859,5354
2791,5355
1538,5356
1868,5357
4116,5358
6360,5359
3340,5360
924,5361
3844,5362
1278,5363
7902,5364
2126,5365
6521,5366
7210,5367
1993,5368
5398,5369
8751,5370
5357,5371
354,5372
8513,5373
5997,5374
5678,5375
8705,5376
1613,5377
464,5378
5407,5379
101,5380
261,5381
3998,5382
26,5383
3025,5384
664,5385
5519,5386
1000,5387
2848,5388
1474,5389
2220,5390
6345,5391
3951,5392
6124,5393
1991,5394
4399,5395
197,5396
1838,5397
7576,5398
984,5399
138,5400
6875,5401
5759,5402
1543,5403
1505,5404
5864,5405
1476,5406
6064,5407
3464,5408
6865,5409
2927,5410
6886,5411
5657,5412
7772,5413
4547,5414
2199,5415
5797,5416
761,5417
7399,5418
7268,5419
6507,5420
8814,5421
7474,5422
2924,5423
116,5424
6798,5425
2029,5426
6781,5427
2819,5428
5882,5429
7936,5430
2786,5431
2956,5432
7233,5433
2393,5434
6834,5435
1796,5436
2788,5437
4649,5438
6055,5439
5439,5440
387,5441
7792,5442
2242,5443
255,5444
6212,5445
1697,5446
1625,5447
3264,5448
189,5449
5390,5450
8719,5451
2089,5452
6167,5453
681,5454
4437,5455
2332,5456
1219,5457
1679,5458
2519,5459
821,5460
973,5461
4042,5462
5394,5463
6415,5464
3843,5465
1109,5466
4597,5467
6747,5468
925,5469
8801,5470
6162,5471
229,5472
790,5473
4293,5474
815,5475
8299,5476
7007,5477
3562,5478
703,5479
1881,5480
243,5481
7773,5482
8201,5483
5526,5484
3962,5485
1746,5486
6923,5487
3088,5488
931,5489
1091,5490
1675,5491
4952,5492
473,5493
5404,5494
2601,5495
1066,5496
2022,5497
4688,5498
1594,5499
3076,5500
27,5501
3565,5502
3173,5503
8083,5504
756,5505
3017,5506
6049,5507
2852,5508
8160,5509
637,5510
2347,5511
750,5512
983,5513
190,5514
408,5515
3194,5516
7533,5517
3708,5518
6615,5519
41,5520
5255,5521
1719,5522
5154,5523
7315,5524
8775,5525
7327,5526
886,5527
4671,5528
1380,5529
5061,5530
7776,5531
8291,5532
5568,5533
1925,5534
811,5535
4411,5536
7540,5537
1583,5538
1871,5539
1690,5540
7971,5541
349,5542
281,5543
8663,5544
8776,5545
481,5546
3084,5547
3966,5548
5321,5549
399,5550
107,5551
6425,5552
6926,5553
6852,5554
1287,5555
369,5556
700,5557
1811,5558
2769,5559
1918,5560
8069,5561
2531,5562
6417,5563
1031,5564
4664,5565
6525,5566
5777,5567
7586,5568
6343,5569
1353,5570
3403,5571
4964,5572
5571,5573
1059,5574
2901,5575
4176,5576
601,5577
7681,5578
6426,5579
1800,5580
1534,5581
7664,5582
8539,5583
8272,5584
3827,5585
7977,5586
955,5587
8468,5588
443,5589
6908,5590
7356,5591
1351,5592
8087,5593
1232,5594
946,5595
4564,5596
3306,5597
440,5598
1633,5599
776,5600
8090,5601
714,5602
1155,5603
5522,5604
5532,5605
874,5606
6528,5607
2794,5608
5558,5609
606,5610
3140,5611
1713,5612
4522,5613
453,5614
6346,5615
2987,5616
8462,5617
4330,5618
5274,5619
5429,5620
8063,5621
3034,5622
5024,5623
5420,5624
6196,5625
7723,5626
3442,5627
6885,5628
1687,5629
4837,5630
71,5631
8786,5632
6941,5633
4624,5634
612,5635
8175,5636
5615,5637
2146,5638
4860,5639
3443,5640
7916,5641
8079,5642
1570,5643
3143,5644
8014,5645
899,5646
2301,5647
5419,5648
4500,5649
814,5650
2841,5651
6334,5652
8484,5653
5339,5654
1967,5655
6622,5656
3537,5657
286,5658
6734,5659
8847,5660
8345,5661
1022,5662
2015,5663
662,5664
6024,5665
862,5666
8448,5667
7676,5668
4483,5669
1527,5670
1449,5671
6946,5672
2535,5673
467,5674
3151,5675
5573,5676
5998,5677
8837,5678
6512,5679
2107,5680
4093,5681
1205,5682
356,5683
579,5684
3153,5685
7675,5686
7722,5687
1423,5688
1123,5689
4841,5690
3731,5691
864,5692
3375,5693
517,5694
4962,5695
6958,5696
7275,5697
2016,5698
5786,5699
6074,5700
6786,5701
7108,5702
855,5703
1065,5704
8724,5705
3089,5706
2953,5707
2821,5708
4011,5709
972,5710
222,5711
8653,5712
1758,5713
5476,5714
5047,5715
7888,5716
1561,5717
2984,5718
8832,5719
8294,5720
390,5721
7454,5722
8435,5723
3757,5724
813,5725
2749,5726
5634,5727
1695,5728
1850,5729
6439,5730
656,5731
702,5732
492,5733
5194,5734
1735,5735
1038,5736
1575,5737
7604,5738
3024,5739
723,5740
1693,5741
6364,5742
2123,5743
791,5744
1167,5745
5017,5746
732,5747
7685,5748
509,5749
119,5750
4365,5751
1535,5752
1077,5753
1956,5754
7196,5755
6359,5756
6316,5757
847,5758
947,5759
770,5760
3806,5761
7508,5762
1649,5763
6303,5764
5305,5765
1786,5766
1073,5767
6624,5768
4889,5769
2005,5770
1702,5771
7602,5772
4494,5773
4859,5774
638,5775
927,5776
4319,5777
7922,5778
6647,5779
7153,5780
8130,5781
486,5782
4956,5783
4698,5784
5466,5785
1147,5786
7336,5787
4787,5788
1102,5789
8121,5790
7021,5791
1707,5792
5316,5793
202,5794
8728,5795
7786,5796
1156,5797
6053,5798
131,5799
688,5800
7811,5801
4086,5802
6770,5803
2879,5804
487,5805
220,5806
4300,5807
6874,5808
7489,5809
5045,5810
1528,5811
2916,5812
8209,5813
4660,5814
8297,5815
1192,5816
3830,5817
3277,5818
1554,5819
1012,5820
2457,5821
7060,5822
7246,5823
3500,5824
7632,5825
1745,5826
2496,5827
3009,5828
1410,5829
2925,5830
7660,5831
3350,5832
1273,5833
3799,5834
5932,5835
3336,5836
6928,5837
7360,5838
7476,5839
7974,5840
8734,5841
5180,5842
2404,5843
4693,5844
5860,5845
103,5846
1548,5847
4712,5848
6880,5849
1929,5850
6909,5851
840,5852
4435,5853
7062,5854
2856,5855
5201,5856
6256,5857
1684,5858
707,5859
6310,5860
7187,5861
4269,5862
6654,5863
3085,5864
7236,5865
7149,5866
1508,5867
3232,5868
4944,5869
5486,5870
915,5871
4830,5872
7123,5873
7486,5874
1343,5875
1408,5876
578,5877
901,5878
3309,5879
523,5880
1389,5881
3110,5882
8073,5883
259,5884
3990,5885
1601,5886
1805,5887
4415,5888
204,5889
3075,5890
5083,5891
2555,5892
5741,5893
3052,5894
611,5895
1643,5896
5883,5897
629,5898
6390,5899
6202,5900
7834,5901
403,5902
419,5903
4607,5904
7931,5905
7836,5906
8383,5907
6384,5908
1122,5909
6045,5910
6663,5911
835,5912
3985,5913
8537,5914
485,5915
541,5916
8387,5917
1611,5918
7921,5919
5585,5920
839,5921
3152,5922
6803,5923
2840,5924
6876,5925
6586,5926
8485,5927
171,5928
8588,5929
7023,5930
4670,5931
211,5932
2954,5933
1743,5934
249,5935
375,5936
502,5937
8720,5938
5347,5939
1309,5940
2591,5941
4900,5942
479,5943
6583,5944
1755,5945
598,5946
6687,5947
5984,5948
4106,5949
4519,5950
563,5951
6508,5952
1540,5953
5906,5954
8077,5955
5905,5956
7466,5957
6613,5958
3770,5959
6577,5960
6320,5961
3558,5962
7581,5963
2642,5964
2316,5965
5681,5966
1647,5967
7389,5968
5424,5969
6248,5970
7668,5971
687,5972
3480,5973
6393,5974
1381,5975
2917,5976
6073,5977
303,5978
1300,5979
783,5980
5740,5981
6745,5982
4520,5983
3131,5984
2654,5985
6061,5986
1356,5987
6517,5988
3376,5989
8283,5990
8236,5991
620,5992
8271,5993
5037,5994
755,5995
6807,5996
1092,5997
1641,5998
2877,5999
5044,6000
5547,6001
7304,6002
7701,6003
8496,6004
7684,6005
3401,6006
4828,6007
5189,6008
2696,6009
4262,6010
3758,6011
366,6012
2211,6013
1470,6014
5125,6015
2976,6016
1559,6017
8790,6018
7346,6019
672,6020
1011,6021
6707,6022
1941,6023
2793,6024
6826,6025
105,6026
7306,6027
1826,6028
1328,6029
3885,6030
3642,6031
2463,6032
3036,6033
1502,6034
7798,6035
6306,6036
2818,6037
253,6038
1103,6039
8168,6040
5329,6041
1888,6042
2003,6043
1444,6044
499,6045
778,6046
144,6047
525,6048
7692,6049
139,6050
4124,6051
2898,6052
554,6053
3743,6054
1317,6055
7854,6056
63,6057
648,6058
5481,6059
4063,6060
8012,6061
6158,6062
5952,6063
8585,6064
6722,6065
8100,6066
4929,6067
2487,6068
465,6069
7709,6070
111,6071
3940,6072
2349,6073
432,6074
59,6075
1475,6076
1143,6077
2760,6078
8239,6079
1033,6080
1335,6081
4813,6082
363,6083
7970,6084
695,6085
2809,6086
4356,6087
1348,6088
8312,6089
5923,6090
5498,6091
4865,6092
2344,6093
4052,6094
5947,6095
5755,6096
767,6097
1779,6098
2889,6099
1396,6100
4537,6101
8721,6102
6394,6103
4191,6104
6905,6105
4938,6106
2097,6107
7883,6108
8174,6109
3167,6110
4708,6111
6681,6112
1709,6113
8205,6114
7004,6115
2803,6116
7345,6117
4107,6118
1789,6119
3077,6120
176,6121
3275,6122
7942,6123
1461,6124
3835,6125
6002,6126
1883,6127
2729,6128
1525,6129
6937,6130
8599,6131
1215,6132
3810,6133
51,6134
5018,6135
2869,6136
2184,6137
4882,6138
7366,6139
321,6140
7398,6141
94,6142
4329,6143
7745,6144
5783,6145
5076,6146
630,6147
1226,6148
3080,6149
2464,6150
655,6151
5,6152
7861,6153
1168,6154
6424,6155
654,6156
1973,6157
7710,6158
1361,6159
7891,6160
56,6161
1664,6162
2534,6163
997,6164
603,6165
3422,6166
2129,6167
1244,6168
6699,6169
1752,6170
6660,6171
6778,6172
332,6173
314,6174
830,6175
4784,6176
3808,6177
8241,6178
7437,6179
1949,6180
31,6181
66,6182
5520,6183
5075,6184
4412,6185
1710,6186
7791,6187
4025,6188
7889,6189
1296,6190
1369,6191
1717,6192
4142,6193
7809,6194
4481,6195
5057,6196
3355,6197
221,6198
8335,6199
1557,6200
6321,6201
7330,6202
7114,6203
7285,6204
8618,6205
5914,6206
8587,6207
4648,6208
2664,6209
1976,6210
3564,6211
8128,6212
787,6213
1419,6214
4809,6215
4348,6216
3268,6217
1718,6218
3478,6219
699,6220
904,6221
7116,6222
8394,6223
3289,6224
5676,6225
52,6226
4923,6227
7478,6228
896,6229
543,6230
7878,6231
6441,6232
1754,6233
6841,6234
166,6235
4441,6236
1587,6237
7323,6238
978,6239
1238,6240
7257,6241
1749,6242
6609,6243
1370,6244
3246,6245
1832,6246
5449,6247
5749,6248
1416,6249
6890,6250
6989,6251
6811,6252
20,6253
8173,6254
1544,6255
3087,6256
3725,6257
5523,6258
3270,6259
8682,6260
4650,6261
2351,6262
6309,6263
2684,6264
5872,6265
4010,6266
6772,6267
7493,6268
5328,6269
6207,6270
2753,6271
725,6272
1895,6273
3193,6274
7568,6275
7307,6276
1844,6277
333,6278
3616,6279
3090,6280
6322,6281
2397,6282
6276,6283
1945,6284
2548,6285
8426,6286
4375,6287
1571,6288
8522,6289
5127,6290
5656,6291
2267,6292
3210,6293
5865,6294
2233,6295
3120,6296
2269,6297
5021,6298
4714,6299
733,6300
4448,6301
4055,6302
5257,6303
1318,6304
7295,6305
3868,6306
3032,6307
6502,6308
594,6309
1739,6310
2224,6311
4051,6312
1314,6313
3260,6314
3202,6315
1342,6316
3722,6317
4654,6318
318,6319
1052,6320
358,6321
4953,6322
2792,6323
5825,6324
845,6325
4705,6326
4398,6327
8085,6328
3206,6329
5302,6330
351,6331
4523,6332
2766,6333
5042,6334
2201,6335
1302,6336
6373,6337
163,6338
7546,6339
1747,6340
1058,6341
5385,6342
7770,6343
1609,6344
809,6345
744,6346
6098,6347
3330,6348
1253,6349
2878,6350
6670,6351
2988,6352
3867,6353
5508,6354
7229,6355
6362,6356
1131,6357
6561,6358
64,6359
6889,6360
1588,6361
2159,6362
7866,6363
3855,6364
8811,6365
3838,6366
1387,6367
3283,6368
7271,6369
658,6370
2034,6371
4512,6372
1368,6373
5395,6374
8066,6375
7885,6376
1885,6377
1064,6378
4919,6379
7774,6380
4576,6381
449,6382
8582,6383
1801,6384
1728,6385
2415,6386
4352,6387
1116,6388
7462,6389
1127,6390
1761,6391
1288,6392
1520,6393
7744,6394
141,6395
7950,6396
4920,6397
2970,6398
5271,6399
2358,6400
1313,6401
3028,6402
5259,6403
1042,6404
1628,6405
2021,6406
4779,6407
3222,6408
7669,6409
5830,6410
1999,6411
506,6412
8195,6413
2540,6414
226,6415
2544,6416
4657,6417
1263,6418
1216,6419
675,6420
5352,6421
8498,6422
8338,6423
6712,6424
2820,6425
8226,6426
6677,6427
1510,6428
7254,6429
3477,6430
1110,6431
6757,6432
6870,6433
3979,6434
852,6435
1740,6436
5603,6437
763,6438
671,6439
409,6440
181,6441
823,6442
3164,6443
3435,6444
1482,6445
3060,6446
267,6447
3160,6448
3781,6449
2931,6450
971,6451
7396,6452
6355,6453
4064,6454
264,6455
1057,6456
3235,6457
7548,6458
2241,6459
3220,6460
316,6461
5530,6462
1199,6463
6879,6464
3749,6465
1984,6466
4132,6467
7033,6468
882,6469
2486,6470
511,6471
2573,6472
3189,6473
57,6474
798,6475
6603,6476
6136,6477
1134,6478
3033,6479
580,6480
6208,6481
3245,6482
7855,6483
1503,6484
1047,6485
242,6486
5410,6487
1115,6488
2990,6489
1545,6490
8768,6491
877,6492
4903,6493
380,6494
2761,6495
8726,6496
8438,6497
8830,6498
1286,6499
3910,6500
928,6501
6636,6502
3955,6503
7178,6504
3177,6505
4382,6506
6976,6507
831,6508
6709,6509
2870,6510
8368,6511
1028,6512
1190,6513
8049,6514
5575,6515
739,6516
1021,6517
745,6518
7185,6519
146,6520
7335,6521
8295,6522
3957,6523
412,6524
6474,6525
3607,6526
2124,6527
8351,6528
8093,6529
2522,6530
5281,6531
5386,6532
7901,6533
4120,6534
2843,6535
7979,6536
7045,6537
8578,6538
5511,6539
848,6540
6226,6541
288,6542
110,6543
5085,6544
7136,6545
2048,6546
2765,6547
80,6548
1537,6549
4571,6550
8306,6551
4870,6552
8187,6553
1965,6554
1377,6555
1762,6556
1188,6557
801,6558
4925,6559
3318,6560
4838,6561
4570,6562
1589,6563
381,6564
597,6565
1734,6566
4902,6567
1759,6568
6294,6569
7073,6570
568,6571
1523,6572
808,6573
3715,6574
6292,6575
3184,6576
1136,6577
8224,6578
8506,6579
216,6580
646,6581
2860,6582
4121,6583
6299,6584
1586,6585
7386,6586
731,6587
3505,6588
6152,6589
2014,6590
5188,6591
561,6592
828,6593
3839,6594
1477,6595
3748,6596
5236,6597
8097,6598
5414,6599
367,6600
4474,6601
28,6602
7409,6603
3590,6604
7988,6605
3352,6606
8099,6607
2028,6608
1291,6609
1573,6610
3418,6611
3356,6612
7230,6613
1200,6614
1703,6615
1934,6616
7647,6617
4767,6618
5616,6619
7822,6620
5016,6621
530,6622
7451,6623
3082,6624
6154,6625
4808,6626
3753,6627
2339,6628
1833,6629
3692,6630
6691,6631
4258,6632
296,6633
458,6634
2049,6635
8753,6636
6866,6637
8311,6638
5312,6639
7573,6640
6998,6641
963,6642
1994,6643
933,6644
4884,6645
1395,6646
3073,6647
7418,6648
2248,6649
3074,6650
8391,6651
3240,6652
6787,6653
5564,6654
5500,6655
6956,6656
1787,6657
8852,6658
2205,6659
195,6660
8231,6661
122,6662
8686,6663
528,6664
3453,6665
759,6666
2229,6667
514,6668
875,6669
4525,6670
1722,6671
544,6672
416,6673
2179,6674
247,6675
7940,6676
751,6677
4333,6678
2714,6679
8106,6680
292,6681
1971,6682
3755,6683
1433,6684
5493,6685
1995,6686
4939,6687
991,6688
8525,6689
81,6690
471,6691
6444,6692
6005,6693
2553,6694
6791,6695
6904,6696
3259,6697
617,6698
8059,6699
8427,6700
5698,6701
512,6702
8584,6703
6030,6704
2859,6705
8880,6706
995,6707
3791,6708
8108,6709
2804,6710
1224,6711
8763,6712
2282,6713
1417,6714
6584,6715
6240,6716
1367,6717
1002,6718
8252,6719
2312,6720
1171,6721
8835,6722
5006,6723
6184,6724
1893,6725
4084,6726
8767,6727
1765,6728
7169,6729
8314,6730
466,6731
1089,6732
4851,6733
1808,6734
6580,6735
7853,6736
297,6737
8024,6738
3163,6739
2473,6740
8877,6741
8707,6742
4674,6743
5839,6744
445,6745
237,6746
5589,6747
1301,6748
513,6749
4760,6750
8414,6751
1829,6752
7051,6753
6339,6754
6056,6755
4496,6756
2257,6757
7222,6758
6178,6759
6887,6760
16,6761
8629,6762
867,6763
263,6764
6013,6765
960,6766
7484,6767
893,6768
3068,6769
8821,6770
8541,6771
7121,6772
7172,6773
5908,6774
4030,6775
310,6776
2167,6777
522,6778
4847,6779
1247,6780
4503,6781
7907,6782
8196,6783
3040,6784
7670,6785
6288,6786
7583,6787
5323,6788
555,6789
1769,6790
524,6791
6955,6792
5107,6793
3188,6794
917,6795
1483,6796
8142,6797
2309,6798
7471,6799
8336,6800
5374,6801
5234,6802
1242,6803
2605,6804
1366,6805
2137,6806
5210,6807
3714,6808
7778,6809
2063,6810
7205,6811
1550,6812
7525,6813
3070,6814
7735,6815
13,6816
7585,6817
2232,6818
529,6819
940,6820
3196,6821
545,6822
575,6823
1185,6824
4562,6825
304,6826
282,6827
775,6828
1657,6829
1061,6830
7758,6831
8001,6832
6094,6833
3440,6834
74,6835
3519,6836
1254,6837
4360,6838
2038,6839
8068,6840
2020,6841
2985,6842
5643,6843
3614,6844
360,6845
4577,6846
2407,6847
3048,6848
6500,6849
8580,6850
635,6851
2007,6852
1339,6853
4414,6854
8507,6855
3892,6856
1121,6857
1009,6858
8535,6859
2019,6860
1879,6861
3078,6862
8356,6863
1249,6864
137,6865
1439,6866
279,6867
3805,6868
8735,6869
8688,6870
7569,6871
2936,6872
3119,6873
1661,6874
8350,6875
1424,6876
3563,6877
4868,6878
6743,6879
5674,6880
46,6881
327,6882
6656,6883
5525,6884
2978,6885
275,6886
5598,6887
3413,6888
1333,6889
6533,6890
1292,6891
4642,6892
1471,6893
411,6894
8598,6895
2545,6896
7671,6897
5636,6898
895,6899
7034,6900
3408,6901
7639,6902
690,6903
4986,6904
3233,6905
1393,6906
106,6907
7746,6908
2105,6909
3929,6910
7160,6911
434,6912
134,6913
2779,6914
8741,6915
484,6916
1312,6917
6352,6918
5583,6919
747,6920
794,6921
8389,6922
1803,6923
2260,6924
335,6925
8098,6926
3946,6927
3774,6928
8449,6929
8868,6930
3310,6931
1818,6932
2452,6933
6129,6934
4713,6935
5556,6936
2338,6937
1436,6938
280,6939
309,6940
422,6941
4578,6942
645,6943
2904,6944
8660,6945
4951,6946
6689,6947
7993,6948
132,6949
6368,6950
5600,6951
6705,6952
1830,6953
3353,6954
2900,6955
4420,6956
3221,6957
1455,6958
6137,6959
3320,6960
559,6961
2061,6962
125,6963
5133,6964
1569,6965
1056,6966
1450,6967
1196,6968
1862,6969
3598,6970
1187,6971
7589,6972
3859,6973
8222,6974
22,6975
3243,6976
2283,6977
5465,6978
213,6979
79,6980
2355,6981
5551,6982
2813,6983
7220,6984
6768,6985
6304,6986
861,6987
6799,6988
8475,6989
982,6990
5389,6991
245,6992
1916,6993
2417,6994
897,6995
257,6996
364,6997
8113,6998
1978,6999
2412,7000
540,7001
8202,7002
3578,7003
6970,7004
1970,7005
8322,7006
4831,7007
7450,7008
7262,7009
7448,7010
2863,7011
1252,7012
4800,7013
2111,7014
4447,7015
1577,7016
4857,7017
1953,7018
5487,7019
480,7020
2094,7021
3400,7022
3205,7023
283,7024
3739,7025
3370,7026
3677,7027
4327,7028
5772,7029
4070,7030
6706,7031
2871,7032
1526,7033
1414,7034
7941,7035
3726,7036
6349,7037
519,7038
5181,7039
4020,7040
8230,7041
586,7042
8685,7043
2941,7044
2313,7045
914,7046
1645,7047
6266,7048
5995,7049
4990,7050
5072,7051
7629,7052
1644,7053
2620,7054
948,7055
1906,7056
4801,7057
8613,7058
1148,7059
1316,7060
6513,7061
6159,7062
5954,7063
4543,7064
3491,7065
1890,7066
325,7067
4589,7068
311,7069
3308,7070
810,7071
6114,7072
712,7073
2885,7074
1432,7075
4788,7076
287,7077
2832,7078
1051,7079
2491,7080
5972,7081
151,7082
7142,7083
7016,7084
6783,7085
7992,7086
944,7087
6166,7088
4864,7089
8740,7090
394,7091
73,7092
402,7093
2891,7094
2221,7095
6241,7096
8013,7097
6735,7098
8400,7099
6753,7100
1989,7101
916,7102
7591,7103
1468,7104
7713,7105
214,7106
7065,7107
3809,7108
2458,7109
3539,7110
2108,7111
7753,7112
177,7113
276,7114
692,7115
724,7116
8214,7117
1182,7118
8754,7119
2460,7120
1864,7121
7507,7122
1655,7123
3420,7124
6035,7125
2796,7126
1128,7127
608,7128
7148,7129
8075,7130
766,7131
2888,7132
1681,7133
8267,7134
8124,7135
1897,7136
6855,7137
2689,7138
2479,7139
6259,7140
1886,7141
252,7142
1860,7143
6224,7144
2554,7145
8559,7146
6093,7147
4440,7148
1184,7149
7357,7150
7909,7151
3587,7152
4982,7153
147,7154
1692,7155
7915,7156
2857,7157
4633,7158
61,7159
3379,7160
3123,7161
7843,7162
7870,7163
6828,7164
6509,7165
3172,7166
7653,7167
1299,7168
5184,7169
457,7170
1165,7171
3081,7172
4907,7173
6522,7174
1614,7175
7192,7176
7906,7177
4511,7178
3195,7179
1576,7180
760,7181
632,7182
8064,7183
7814,7184
1744,7185
1824,7186
7231,7187
7984,7188
4555,7189
2637,7190
1448,7191
537,7192
6729,7193
3528,7194
172,7195
8324,7196
6126,7197
2465,7198
5663,7199
678,7200
3029,7201
5436,7202
1363,7203
7949,7204
7443,7205
1595,7206
3335,7207
2208,7208
7556,7209
953,7210
43,7211
4552,7212
5172,7213
2932,7214
1379,7215
7283,7216
5262,7217
1987,7218
1541,7219
1500,7220
7429,7221
1386,7222
8846,7223
3139,7224
7146,7225
1211,7226
4383,7227
8793,7228
1025,7229
1391,7230
1784,7231
5913,7232
1616,7233
3374,7234
3856,7235
1435,7236
644,7237
8020,7238
713,7239
686,7240
589,7241
8316,7242
7180,7243
7094,7244
8348,7245
1023,7246
1810,7247
1770,7248
6638,7249
8636,7250
275,7251